respondent_id,condition
test,woEO-woRAM
123,wEO-wRAM
21c027dc-33fd-4775-94ec-fdb6463fcfa5,woEO-woRAM
9320032d-ea88-457f-8054-e5ef5ff282ec,woEO-wRAM
54b19557-1d92-401b-a619-b845a7e3d6e9,wEO-wRAM
000ff3c3-274a-4595-a7ba-892815f5669f,woEO-woRAM
415cb2e9-963a-42ec-8056-22ad0f784b71,woEO-wRAM
5ff0f15b-400d-43c8-ba97-bdc3f8c744b2,woEO-wRAM
db5e4e6a-ba08-436a-9cd1-59d5ff96f031,wEO-wRAM
38e1dc12-dfe7-440d-8037-09cd980d1d7b,wEO-wRAM
501dc825-7e4f-416f-bb49-1d4032978ca8,woEO-wRAM
62847d65-a6c1-4cc5-bfa5-8fd54cc13298,wEO-woRAM
e3f69ce8-100a-4651-9eac-d2918c388414,woEO-wRAM
40acf951-d02b-40a7-bbaf-e99d8b47ca0f,woEO-woRAM
71f525f6-9fb3-42d4-991b-dba088f6d214,woEO-woRAM
646d4f7c-071d-4f9c-a3c7-3a382b68d005,wEO-wRAM
d1d6b396-4357-44aa-9105-44292b9a080c,wEO-woRAM
2bee65a8-bd5b-442f-89e2-a0a8000e3980,woEO-woRAM
6d0c5e0d-885f-481f-9842-c11451064908,woEO-wRAM
f9d7bb15-33f4-4036-aa9e-4a031e54b7df,wEO-wRAM
7a015a0c-39f2-4a02-9566-573ffa38783b,woEO-wRAM
c324eefd-41fe-44b5-b4d5-9efa7cc7f932,woEO-woRAM
fcd297e3-4596-49d5-a386-98786c900055,woEO-wRAM
3b0a7b38-7ce7-4a5c-b93f-361d2beaf531,wEO-woRAM
1a539732-ce76-4e76-acd2-adf6d4f19bdf,woEO-woRAM
c4d9f25e-15d5-40fa-9c57-acd607117e74,woEO-wRAM
be1c6d36-6c5d-4628-a9dd-d92485d1aa39,wEO-woRAM
6174c655-6c1a-498d-807f-1212bdc26a1a,wEO-wRAM
b418e051-fc56-40f2-8ceb-b4aad8cf3717,woEO-woRAM
4f3a093f-126a-4490-8575-06ab9ea5eda9,woEO-wRAM
9d08f445-9cdf-42ce-b5e7-8b4815dc4eb3,wEO-wRAM
f2b7d45c-44b0-4a99-90e7-abee7c5bee25,woEO-woRAM
21910dcb-1cc6-4b11-8024-632de10ce12e,woEO-woRAM
6220fb25-95e6-4db8-97b3-2b82685fbb32,wEO-wRAM
bc682dcd-2a79-4a9b-98c9-d05e4bf88b76,woEO-wRAM
55155684-b05c-4784-b67f-7f8b5285334a,wEO-woRAM
1ce6171f-6d44-45c9-aa5c-b3e8c076d5db,wEO-wRAM
42e78704-a76f-4c10-8a78-02458453c882,woEO-wRAM
6904436d-02ca-4796-978f-86c197e1c827,woEO-woRAM
356ce620-5d5b-4236-9e41-630d8e154104,wEO-wRAM
530eed87-15fc-49d5-84ae-fb9d97970aa2,wEO-woRAM
ac228aa7-6b4b-45e0-868d-8a74f29fa2c3,woEO-wRAM
5e26a824-fe3c-4ea6-9de0-d97f1a3e386b,woEO-wRAM
a6d2c7fc-589f-46aa-885e-7374afa40e58,woEO-woRAM
ca8323e1-6803-45e6-887d-77f2c6b7ab7f,wEO-wRAM
3d7aa4c0-f79e-4d3f-b9a1-fbbfbb4ef146,wEO-woRAM
e264bcc0-e0d0-4679-8aa7-b2a79739fcc0,wEO-wRAM
1d4b5d58-d968-4c6d-8d16-fd579b13b7eb,woEO-wRAM
07d7b054-5f23-4184-ba7a-3cff3af1ec8d,woEO-woRAM
93a63c81-9b1f-4119-8500-653d41ea499c,wEO-woRAM
9342b13d-4045-4b97-9e6f-ddc50a5dc277,wEO-wRAM
f4157898-49b5-4459-9986-d81e4b3569c5,woEO-woRAM
8d2cc892-bbfc-4633-ba20-4c7bf74359d9,woEO-wRAM
73e57e03-51da-4893-8fe0-2090ee14186b,woEO-woRAM
6bea67c6-0573-4046-ba18-4db7be22dca4,woEO-wRAM
64c354cc-5fb5-4d3c-a012-c2794dc1d998,wEO-wRAM
5b60141f-755f-40f3-b220-b0a040ab8ec7,wEO-woRAM
afbef109-128c-45f6-837e-7e1b5c1e6453,wEO-wRAM
fdaa3615-b1cc-4efd-a707-8a71c5aba17b,woEO-woRAM
6ba808c8-d525-4f0b-9303-a53f77da2729,wEO-woRAM
313b01c2-8cc5-4991-a70c-5cc5e3e66b50,wEO-wRAM
3814d572-5eaa-4dc5-8783-f215571d2c66,woEO-wRAM
d2b1b438-9cbb-46b0-8322-c15b4441a3a0,wEO-woRAM
d2b97b22-59c7-4471-9d22-79fb1d7a18c3,woEO-woRAM
f9b0a3d0-c666-415b-9869-e6340a0e59ac,wEO-woRAM
b1fd3888-cde1-420a-baa7-986db0a1ef0a,wEO-wRAM
b1f10dfb-7a3a-4461-a914-14d6c375256d,woEO-wRAM
2566bc9d-f26d-4e1a-87c0-62ca83b7d5b8,wEO-woRAM
b23da43e-8ba7-48a3-a545-c23f90763475,woEO-wRAM
1a914aed-1433-496f-9267-1b4f7e9822af,woEO-woRAM
85d9fc44-fabb-408c-a7d7-11ced8d269e5,wEO-wRAM
61cebafe-2dab-490c-b151-84ba39b45a9e,woEO-woRAM
de3776cd-2c97-45fc-9af0-5bdcdddb0ae8,woEO-wRAM
01dff38e-a919-483b-b6d7-cf30df8f6a2c,wEO-woRAM
3ea1c34e-62d7-4c09-99a6-e41ce003f25c,wEO-wRAM
889fab17-ed2f-4606-8fdd-d48917cff307,wEO-woRAM
852fbd20-95af-44e2-9ab6-6fb4309603f4,woEO-wRAM
245f8cbe-142d-44a1-95cb-bcb6527fae7c,woEO-woRAM
4a62c2fa-5a47-4813-be49-0d003c4568c2,wEO-woRAM
5c4f6865-902a-4a1a-a2f5-b3d0d4038f08,woEO-woRAM
d0f4cbf1-31ca-4149-999e-ae604a60dc1e,wEO-wRAM
35f4bda5-b020-42af-a535-e472a252d5d9,woEO-wRAM
bda08d58-6036-4072-a349-69d8bbec3e6e,woEO-wRAM
b5ad5d66-d7c1-458d-beac-a7aae96cc628,wEO-woRAM
002267ef-1893-4bb5-8b7b-cc0e6512c0d0,wEO-wRAM
240292a2-75f5-464c-932b-4447045d3ea0,woEO-woRAM
4b1dd779-bb24-4059-98a1-353dde7311e1,woEO-woRAM
8573b0d3-6c0a-453c-911d-b1965f797ca0,woEO-wRAM
396713ff-9ff1-40e9-89b8-c8e353de51b3,wEO-wRAM
b059e9cc-cba3-4dec-a685-f02e13f5c3bd,wEO-woRAM
d535b220-d742-437e-9d45-a148afecd05e,wEO-wRAM
38e16837-6d97-4d59-936c-5473c6b607d3,wEO-woRAM
db1b0592-02fb-4d84-9031-843c345bd660,woEO-woRAM
9533d91d-c12a-4114-82ac-99e991e8346f,woEO-wRAM
61651ffc-415d-4211-9f03-d8250f4eae1e,wEO-woRAM
ce8bf169-6ba7-4aae-baf9-4507d1f27b31,wEO-wRAM
4c7f3e7b-8c4b-4abe-b687-1db3c651a063,woEO-woRAM
bb1da67b-b225-4855-b1ee-a94766a1a56a,woEO-wRAM
bd50043f-76ed-4c11-b632-836153832649,wEO-wRAM
8c21792b-0df3-4842-aebb-d6e89dbdaeda,woEO-woRAM
51026835-07f3-4005-8ebf-2e495d8c8fec,woEO-wRAM
4ab348eb-6dd2-4d07-8e21-35b0137cf957,woEO-woRAM
189d8d47-ab6c-4730-aed4-72031c9a5d60,woEO-wRAM
11a9a624-5a59-4160-94b0-6f12818f9e57,wEO-woRAM
17459a1a-261f-4fe5-99a3-0d3d141497c1,woEO-wRAM
56e8802a-82b5-4c34-b226-16838246cf8c,wEO-woRAM
bb660444-4035-4f37-81ed-00c080140cc0,woEO-woRAM
aa497969-975d-48d2-ae1a-5f36cf3e323c,wEO-wRAM
8019be30-c488-469d-8b66-1354fe4e5c67,woEO-woRAM
43f97c9b-0be1-4a70-8df8-1f84e6dba805,woEO-woRAM
255781b5-322a-456f-af0c-d10449e3dcfd,woEO-wRAM
ba95825a-00d7-4168-99c5-e4fd8138e4c3,wEO-woRAM
da4340ce-6db8-4a57-9e0a-9011bac7c1e0,wEO-wRAM
24f38a1b-19bb-4686-bc95-c8df4a14dff8,woEO-wRAM
3b8a6e59-0156-4b38-b202-60037955fc91,wEO-woRAM
9c7d196f-f5c4-4a9e-ac5f-f95655c13e14,woEO-woRAM
3397019a-59e8-4150-828b-fb6996a9f665,wEO-wRAM
37fb910e-e611-4844-8d16-ae31e4d92254,woEO-woRAM
6402f135-40ac-4558-b3b7-ce69b3c6e62a,wEO-wRAM
232bab61-71dd-4fd4-ac89-4500adf7abf5,woEO-wRAM
104ea705-c100-4214-a0d3-bf37bb22a356,wEO-woRAM
ff110919-79aa-4c81-a6cb-990dc3a630ad,wEO-woRAM
4a9f6c29-611e-43e8-b741-9ff7009f81cd,woEO-wRAM
40f1269f-8bba-458b-9e29-0bbcee11609c,woEO-woRAM
945ad4ea-03e9-44ae-b786-f3f387bcbb7c,woEO-wRAM
f623055d-e6df-424f-9ead-c3fba6cd56a3,woEO-woRAM
35eb3650-f84f-4c66-a6cb-b9f3b2f97853,wEO-woRAM
69db3def-2993-445e-9678-342d65184f7f,wEO-wRAM
47c47cbf-ec04-40cb-8e55-5044651e828c,woEO-wRAM
47ed21ae-e004-4be0-96c7-bfe38be29ab2,wEO-wRAM
83ca95e1-e547-4d46-a1c3-453eb787d2a3,woEO-woRAM
7bed7fb9-09bc-4d87-bc6e-24142b5da460,wEO-wRAM
ad71145b-2a20-43ad-bd24-755a7aa9a790,woEO-wRAM
8fb6dbcc-f454-4dcc-8f0a-b418c5f684f8,woEO-woRAM
bff46507-c1e9-4fbd-ad51-57518c6b4283,woEO-wRAM
29d227cd-1a21-4dbe-87fa-a45fd21c8897,woEO-woRAM
de7c0bd5-ef9b-442e-8e57-4e4aff5b1b9e,wEO-wRAM
d1986807-e7f1-4c22-a004-8ec420779d8a,wEO-wRAM
a8ce1cd9-6356-4eb6-806d-5a395806d45d,woEO-woRAM
aa466675-85ad-4dc4-a5f9-070f2e8ee49e,wEO-woRAM
b04cbba7-3c10-4461-bf3c-8f53fe7b7ce0,woEO-wRAM
1701613a-42a3-469c-abce-86de3f146efb,wEO-woRAM
b749da37-f29f-490f-af50-8e162b3d1ef6,woEO-woRAM
5fc5816e-1ee5-4e4d-9683-dd02202f9a8a,wEO-wRAM
dc3c757c-deed-441a-a2a3-3a7ed1512898,wEO-wRAM
5c311063-b31b-4580-9940-0f9c08e49942,woEO-woRAM
489293f5-3fb1-4ad4-a945-79a9d5f77daf,wEO-woRAM
b9946a07-97cf-4546-ad25-11c6cce746ef,woEO-wRAM
e68e9ba4-1e70-441d-9ce6-7726dce2cc32,wEO-woRAM
be246ae2-42c0-4eab-8c84-54bc6c331a5d,wEO-wRAM
42dd95ae-f24b-4675-9b13-a46edd8c636a,woEO-woRAM
4c3bf101-0518-48ea-bb9c-e1ea4e5d74af,wEO-wRAM
38100bb0-5c10-464f-bf17-42be83ced56f,wEO-woRAM
037b5b1a-6596-415d-9860-cfe1ce971b96,woEO-woRAM
4cc4a6d6-c026-4bb5-965e-9e81c86e49e4,woEO-wRAM
54a0865e-962b-4505-98f0-8128e0ee4e96,wEO-wRAM
cf7be0a5-ed06-4e64-bfc4-d3619bce83f7,woEO-wRAM
b6302aa7-ce27-4c95-9d9a-825fb38355c8,wEO-woRAM
4932d1a3-6b00-40c0-a060-090b2919bfae,woEO-woRAM
1ef3a2db-3e4b-4d91-a82c-e8b852f868f0,woEO-wRAM
b611ed52-cb0e-46a8-8d4b-a93cb7f39379,wEO-wRAM
4aa44fb7-e604-4c33-a700-ea97d43d0899,wEO-woRAM
98abe4ee-f073-414e-aba2-e2e649d17377,woEO-woRAM
9d0867ac-a8a9-4b25-aa5e-88ed7e0a9218,woEO-wRAM
93fbdad3-a143-41b1-a4f3-1c9bf2486879,woEO-wRAM
54c15739-69a5-47d3-937e-abbd5e12a50a,wEO-wRAM
f993ed11-58e7-4c30-8541-b5a2cf04cda1,wEO-woRAM
ad125e55-a9d0-48d5-a8a6-4707aada539c,woEO-woRAM
b07171f4-ca61-495c-85dd-cd8d3b36a9c4,woEO-wRAM
e6b6b0ed-658e-4079-8dea-9dbb7cf37453,wEO-wRAM
f25d0dc8-4482-4baf-ab22-ec29daee0dab,wEO-woRAM
0826e08e-f4c0-4b86-818d-8b11788e625b,woEO-wRAM
3d9c20f5-bbdc-440b-be75-aecb34e7fd5e,wEO-wRAM
cda0d7d1-b683-44b5-8da9-91a2be829025,wEO-woRAM
3475453b-5696-49b2-8692-af405d31f183,woEO-woRAM
9570a99a-32ab-4b4f-b053-b5041ebe1545,wEO-woRAM
3bd3b45d-37d0-4707-ae96-0359b2c12a0e,woEO-woRAM
7a126c26-6e30-4c51-b717-069a6af081d9,wEO-wRAM
c19918b8-3d04-4f4f-a39d-68e7b5f76a15,woEO-woRAM
df4b9b71-5aaa-4ae9-b14f-4ffc3c9be045,woEO-wRAM
69b804e3-6b97-43db-81c9-35013df003c4,wEO-wRAM
0d458cfd-852b-449d-8682-009570ad322a,wEO-woRAM
3c8ac542-3850-4225-9a58-60b11cbd88c3,woEO-woRAM
10c6a391-da88-487d-a5f5-bc25a21293cb,wEO-woRAM
070dfe9d-695e-4966-aea5-c07c2b671b49,wEO-wRAM
32bc5537-2166-4cbb-9e63-d346c94f3831,woEO-wRAM
e5b076ef-5188-4e86-95e6-510aab449066,woEO-wRAM
ce0247ef-994a-471d-b87b-1b489b4d6f20,woEO-woRAM
87199c94-1275-4d66-b8ce-1bc27d125b97,wEO-wRAM
fce314f1-0fe0-4d37-895b-c03f283129c0,wEO-woRAM
4932e7d3-69a8-4f2e-9349-0c2851319108,wEO-wRAM
08471ad8-cf33-4d58-a9cf-b1625e1d30e7,woEO-woRAM
0d903dd8-d778-40c4-8b3e-be867ca0167a,wEO-woRAM
13cd5374-061b-40ce-ba37-8670f9ad7176,woEO-woRAM
67799b37-80c1-4e5b-ab25-95a624b7ef83,wEO-woRAM
be044b0d-a1fe-46d5-b8ed-311df570dd24,woEO-wRAM
b2410a08-b9e4-41ed-a4a5-eb9e796283ab,wEO-wRAM
ccd99648-73ac-4837-99db-b3d7838d25d4,wEO-woRAM
1325052d-1953-48f1-b3b8-45c191e8df10,woEO-wRAM
9d3fc2f4-96de-4875-af7f-6902dc6608dc,wEO-wRAM
51ee9ec4-cb51-44f9-8d61-08d99f1ccf9b,woEO-woRAM
bca1929b-c12f-4aec-836d-b326334173e0,woEO-woRAM
9fe2fe91-d03b-410f-8de9-f5ba1fbb6264,wEO-woRAM
2ba0790c-6b90-4a68-adee-a7ea273a3f30,wEO-wRAM
cf879c39-eb0c-479a-a2b7-ea939a3fbada,woEO-wRAM
c2eb1fc2-58d3-45cb-9752-8b2541e852c4,woEO-wRAM
8e684cd1-8219-4f05-914f-76d6cf1cffa2,wEO-wRAM
091f35d9-e7fa-4ee2-8fb5-5a3ff9f788f5,wEO-woRAM
d179ba39-d9ef-4603-8543-74d42ce08db3,woEO-woRAM
20cea5ee-bcae-4556-a288-e07819df5bff,wEO-woRAM
fab0f216-0ef0-4d17-917a-728ce15d5439,woEO-wRAM
7c8b6b7a-9dbe-4e1d-b269-ccba1cc7b818,wEO-wRAM
e4af70e7-4b64-4934-943f-b65151bea215,woEO-woRAM
2585019f-700f-4631-8e2d-8e42d8179706,wEO-wRAM
d71fd3ca-60f6-4977-bf1e-1a72b67e3991,wEO-woRAM
94681bef-4b79-4afb-b8da-96a3b03a61fe,woEO-wRAM
3a3a8e0e-f3d4-404a-a04c-9835d2a6eb4c,woEO-wRAM
da64aeff-0e15-4033-84f7-8c4949fc63dd,woEO-woRAM
6cd14211-fee3-4e8d-88eb-5a0dc15f1a72,wEO-wRAM
6ee1662f-acff-4b0f-992e-9d372adfa9d7,woEO-wRAM
0b99d191-a2c7-4779-8c95-b8ee79d82529,wEO-wRAM
ae9636c5-1495-49b5-ae7f-e1d6063d603f,woEO-woRAM
227bdf01-3ac8-429b-a035-11daaec03a24,wEO-wRAM
439a3a3e-0f24-41e1-bbbb-c77b6da505f5,woEO-wRAM
ca482dbc-b76c-492c-ae8c-bb3a41af0659,wEO-wRAM
e426702c-388e-4838-ad2b-276812b84b49,woEO-wRAM
f31b4a79-5152-4f33-8547-04211f70241d,woEO-woRAM
71708f73-49e7-4a56-a240-506acd5e8f76,wEO-woRAM
a0f439a1-4370-4779-963a-6794006781e5,woEO-woRAM
a34b3522-7e3e-47d6-b413-906062c6fd25,woEO-wRAM
21fb3a71-0928-4b0c-9e10-ca4399269774,wEO-woRAM
a1c33007-252c-46b1-a1a8-b5cc57d1d1e7,wEO-wRAM
788596f8-b6de-4fab-a073-b7c124b6b8e2,wEO-wRAM
e12594f6-1ded-4fb2-acc6-295aec7f0e71,woEO-wRAM
df86c443-d2e7-486c-a94e-b719f177677f,wEO-woRAM
562ac382-7251-4ea9-8a62-ccf7bb3f2624,woEO-woRAM
be524742-b73f-4bdc-97c7-af44170aea87,wEO-wRAM
53af97ac-746e-4beb-969e-fd806dec3ec9,woEO-wRAM
ca32c30f-1ded-40f2-97ba-b29d6acc129f,wEO-woRAM
eafa02c8-b63d-490a-ac84-45c24678bfa0,woEO-woRAM
363c41a9-a6be-49fc-97da-1cb364319b57,woEO-wRAM
879bba2c-b84d-4764-9bdc-f0fc43dcfb3d,wEO-wRAM
d64014a6-bccf-4613-aabb-f46de2550635,woEO-woRAM
d7627bbd-e2ce-4eaa-bf6f-167169473cd6,woEO-woRAM
65d8f678-f98a-45a3-a318-a7ecc01e72cf,woEO-wRAM
1cecc1e9-a4a9-4556-8e6e-8e2ff3d8772b,wEO-woRAM
aa4a6998-8647-4a2c-848c-d28a8db0f077,wEO-wRAM
e53a1b3e-19ea-477e-bc30-d02e2372eb87,woEO-wRAM
6a899f63-fe26-4591-beb5-31cd7c06df70,wEO-woRAM
f90fa738-da02-4e63-bc8a-049fbb1070a5,wEO-wRAM
1cc527f2-6178-48a9-b69f-7b58bf283d69,woEO-wRAM
0e6a235c-0c7e-4eb5-8f44-72398aea7a45,woEO-wRAM
879a254e-0a75-4019-b210-a7ccf11353f2,wEO-woRAM
72409dcd-98fd-443f-b4f1-5683a65c5c7c,woEO-woRAM
8763c3a6-4f82-447f-8bf3-86fa6cacd93c,wEO-wRAM
6c69ed80-8c26-405c-add9-e960d8f835ec,wEO-wRAM
8cedce5b-279b-48a1-a6a1-c09e9f1e431d,woEO-woRAM
c7d68c3e-48af-4fc2-bdd7-964df400b751,woEO-wRAM
d942b940-00d0-46ed-8d83-9364988b2ce0,wEO-woRAM
0da8dc3d-03a4-4ba8-ae9b-4a7c69d0a642,woEO-woRAM
6c182c99-2176-4aaa-beb5-497079790720,wEO-woRAM
4e4b8832-61a9-47b7-bddc-8c90bb1ccf8f,wEO-wRAM
f13ac1fe-f7cf-4b36-9371-5b3af21482e4,wEO-woRAM
4514ac4e-a6fd-4e6f-9061-a058436b3428,woEO-wRAM
c0a9500e-24f0-450f-9017-92011a6a3fda,woEO-woRAM
39f96368-50ca-4c89-ad32-ce26f2376630,wEO-wRAM
33f7e20b-9e53-43e0-9096-39f2672e3623,wEO-wRAM
61025e25-025b-494e-afbc-6ac8c02096eb,woEO-wRAM
2adc898f-b50f-4565-8c44-5e74d5d13198,woEO-woRAM
66cff91e-69d9-419f-ae64-897842f6d9d0,woEO-woRAM
16f31305-d480-4712-a066-9c6fcd713de4,wEO-woRAM
94176d4b-7de7-4e3a-9cb4-5b5e12a822aa,wEO-wRAM
992ff6a9-1888-4e41-9a85-655bc4a5b73d,woEO-woRAM
b185fdc7-023f-4099-b416-b8d527dea5d0,woEO-wRAM
6e1e60dd-6ae7-43ae-bb8e-015125eedaef,wEO-woRAM
955c31fd-8b1a-4af0-87e9-65821b865703,woEO-wRAM
930a6abb-101d-4af6-82e2-6fc43d288c09,wEO-wRAM
4ac99b92-ffee-44b2-8204-d63270e6fba3,woEO-woRAM
24fad7bc-0a41-4054-8bfa-cac7dd23ac23,woEO-woRAM
e89f1744-220b-4245-a5ba-6c5d91bcfcfc,wEO-woRAM
8e26d097-4009-44f4-a2c0-4943ff72b9ed,woEO-wRAM
ba2512cb-7a02-4ad4-8b35-107383138e47,woEO-wRAM
a2d9f82b-64c9-42d3-804e-8b70ef56e130,wEO-woRAM
42d9ee7e-0fc5-4070-8936-cff233492108,woEO-wRAM
6a8791c4-bdec-4c63-a655-42a24e15a599,woEO-woRAM
eba4ad20-0328-418b-ac81-9158dbc6f818,wEO-woRAM
5afd7877-98e6-4b3d-b346-794e90b02aa7,woEO-woRAM
8c82fb21-77dc-486e-9b3e-65c4b1325a8a,wEO-wRAM
b22cc982-a18a-4497-9dd7-629a1362515b,woEO-wRAM
1d9263b0-55b0-4401-92ff-f41842fd51a6,wEO-woRAM
5bc261c4-e2b0-4183-9681-0e2adb1204af,woEO-woRAM
9df596a0-bc22-4320-8c45-999c989436f4,wEO-wRAM
7cfd4c6b-3a9b-4bb1-8f89-b0b3e0c751e1,wEO-woRAM
e660a5e1-7c74-4acc-a56f-102af2307dab,woEO-woRAM
041f4926-3329-47ed-a32b-89075db59841,woEO-wRAM
1b2b2917-266b-47ec-bcc4-e33fddb0f216,wEO-wRAM
57d1e349-a2c0-4a69-af56-265f5bcabccc,woEO-wRAM
4a1fc0db-fba5-459c-83e7-c926b516af3f,wEO-woRAM
83cde235-f57c-45d5-ad6b-3c6d44db28f9,wEO-wRAM
79c0e036-9494-4555-a8f6-4c5f05536c32,woEO-woRAM
c657895a-3d83-423d-9133-0a46e45721c3,wEO-woRAM
014d483f-deb7-463a-8600-c4e7e3f291b2,woEO-woRAM
a4bdf0b2-ffca-4259-bcd3-899de489d5eb,woEO-wRAM
83a446bc-ab88-4d23-a224-ef0b98729863,wEO-wRAM
3afc72e9-9d13-48b7-9d6c-cebd095bb5c3,wEO-wRAM
485f2927-c974-4264-aee3-9f5c17aea445,woEO-woRAM
9e2dcfe1-a653-448c-8d5c-29ca8252039d,wEO-woRAM
731d5bee-40a4-40d9-8d43-caff3574f8be,woEO-wRAM
5fdce2c9-616b-45f9-9a2c-be87e8d4f965,wEO-woRAM
9280e3dd-549a-4f09-b694-0abc98cc7a0b,woEO-woRAM
d2abc2cf-8dbf-461e-bf6b-25c8662b9790,woEO-woRAM
283781a9-46c5-4c7b-be12-2587a4de9fa9,wEO-woRAM
83522672-e1d0-40a3-980b-46940a361420,woEO-wRAM
31e2e1cf-a04e-47bd-9b9a-fabdd71e738e,wEO-wRAM
